player character,opponent character,win,player stocks,opponent stocks,player final damage,opponent final damage,player total damage,opponent total damage,player openings,player kills,opponent openings,opponent kills,player neutral wins,opponent neutral wins,total neutral breaks,stage,match length
21,17,1,4,4,0,0,0,0,0,0,0,0,0,0,0,31,69
21,1,1,4,4,0,0,0,0,0,0,0,0,0,0,0,3,38
7,1,1,4,4,31.770000457763672,54.5,44.95000076293945,28.770000457763672,4,0,4,0,0,3,3,28,897
7,7,1,4,4,0,0,0,0,0,0,0,0,0,0,0,3,768
7,7,1,4,4,0,0,0,0,0,0,0,0,0,0,0,32,48
7,7,1,4,4,0,0,0,0,0,0,0,0,0,0,0,3,10
7,2,1,3,4,0,41.1199951171875,31.519996643066406,0,1,0,0,0,1,0,1,8,639
21,22,1,4,4,0,0,0,0,0,0,0,0,0,0,0,2,0
14,1,1,4,4,22.459999084472656,0,0,22.459999084472656,0,0,2,0,0,2,2,31,252
7,0,0,4,4,0,0,0,0,0,0,0,0,0,0,0,8,2
7,22,1,4,3,20,0,61.439998626708984,20,4,0,3,0,1,1,2,28,757
7,17,1,4,4,0,0,0,0,0,0,0,0,0,0,0,32,0
7,1,1,4,4,0,0,0,0,0,0,0,0,0,0,0,31,51
7,1,1,4,4,0,21,21,0,2,0,0,0,2,0,2,28,345
7,18,0,4,4,0,0,0,0,0,0,0,0,0,0,0,32,3
7,1,1,4,3,0,0,0,0,0,0,0,0,0,0,0,31,172
7,22,1,4,4,40,13,13,40,1,0,1,0,1,1,2,31,458
7,2,1,4,2,64.3699951171875,0,71.43999862670898,64.3699951171875,7,2,4,0,6,1,7,2,1755
7,1,1,3,3,0,0,33.09000015258789,58.200000286102295,3,1,3,1,1,1,2,28,1129
7,15,1,3,4,0,24.829999923706055,24.829999923706055,48.91999816894531,2,0,2,1,0,2,2,28,1126
14,18,1,4,3,143.49000549316406,0,117.53999328613281,134.59000396728516,8,1,8,0,3,1,4,3,2482
7,2,1,4,4,19,104.33000183105469,83.52999877929688,19,2,0,2,0,2,1,3,28,1366
7,15,1,4,4,17,102.36000061035156,96.36000061035156,17,4,0,1,0,3,0,3,31,1426
7,18,1,4,4,12,100.43000793457031,95.43000793457031,12,3,0,1,0,3,1,4,32,1277
7,22,1,4,4,93.4000015258789,0,0,89.4000015258789,0,0,1,0,0,1,1,8,815
7,0,1,4,3,118.0406494140625,10,104.47118377685547,108.0406494140625,8,1,5,0,4,4,8,32,2304
7,2,1,4,0,0,0,127.26858139038086,0,6,2,0,0,6,0,6,2,2150
7,22,1,3,3,0,0,46.91999816894531,105.86000061035156,3,0,4,1,2,2,4,28,1349
7,2,1,4,3,7,0,114.76999282836914,7,5,1,1,0,5,1,6,32,2796
7,12,1,3,3,0,0,102.7699966430664,95.27999877929688,5,1,6,1,3,5,8,3,2302
7,2,1,4,3,60.91999816894531,49.83000183105469,145.92205810546875,60.91999816894531,6,1,3,0,4,2,6,2,1876
7,19,1,4,3,85.9800033569336,17.459999084472656,156.35002899169922,85.9800033569336,8,1,6,0,5,3,8,28,3448
7,18,1,4,4,77.12000274658203,118.33000183105469,107.33000183105469,77.12000274658203,8,0,6,0,5,3,8,3,2643
7,22,1,4,4,43,91.16954040527344,86.16954040527344,43,4,0,4,0,2,3,5,3,1454
7,16,1,3,4,121.67000579833984,119.69000244140625,119.69000244140625,159.9700050354004,6,0,8,1,3,4,7,31,3387
7,18,1,3,4,0,147.6999969482422,147.6999969482422,146.0399932861328,10,0,9,1,4,7,11,3,4124
7,1,1,3,4,0,93.49999237060547,82.49999237060547,130.41000366210938,4,0,4,1,3,3,6,2,3030
7,7,1,3,4,0,22,22,92.33999824523926,3,0,3,1,1,0,1,3,2618
7,2,1,4,3,111.83999633789062,34.84000015258789,145.9999942779541,111.83999633789062,6,1,7,0,3,5,8,28,3898
7,2,1,3,0,0,0,137.50999546051025,139.02999877929688,7,1,9,1,3,5,8,28,4290
14,1,0,0,4,0,114.08363342285156,114.08363342285156,373.590145111084,7,0,13,4,3,11,14,2,5665
14,7,0,0,4,0,106.63878631591797,106.63878631591797,303.9549160003662,7,0,13,4,4,7,11,2,4683
7,18,1,3,2,17,29.440000534057617,169.66999053955078,157.8599853515625,8,2,8,1,1,3,4,31,4395
7,1,1,4,3,102.87000274658203,18,136.74001502990723,99.87000274658203,9,1,7,0,5,3,8,28,4235
7,25,1,3,2,94.69000244140625,2.7899999618530273,187.7300100326538,212.41000366210938,7,2,10,1,1,6,7,31,5003
7,21,1,3,1,21,0,265.83317947387695,109,10,3,8,1,7,3,10,8,4038
7,22,1,2,3,8,0,126.22000122070312,236.55999755859375,9,1,9,2,6,5,11,8,3871
7,22,1,4,0,89.6500015258789,0,123.48000049591064,85.6500015258789,6,3,6,0,3,5,8,2,3935
7,2,1,2,0,73.8699951171875,0,237.31000137329102,218.4199981689453,11,3,12,2,7,7,14,31,6673
21,18,0,0,3,0,78.83999633789062,152.5199966430664,353.2899932861328,10,0,14,4,3,7,10,2,6057
21,1,0,0,3,0,101.91999816894531,224.94789123535156,382.48999786376953,13,1,14,4,4,10,14,2,6570
7,22,0,0,1,0,16.079999923706055,310.85999488830566,292.1076202392578,15,3,15,3,8,8,16,32,7097
7,1,1,3,3,0,45,195.08999633789062,158.19001007080078,16,1,16,1,8,8,16,28,5978
7,22,0,0,4,0,150.00999450683594,135.00999450683594,337.4800100326538,11,0,16,4,5,9,14,31,7095
7,1,0,0,3,0,76.93000030517578,139.7239990234375,233.52000427246094,9,1,11,3,3,7,10,2,4844
7,7,1,3,2,76.88999938964844,111.19999694824219,293.4699935913086,240.97999572753906,14,2,14,1,7,5,12,2,6901
7,2,1,3,0,78.96000671386719,0,303.06000900268555,212.12000274658203,14,3,14,1,9,8,17,32,6562
14,1,0,0,4,0,118.12130737304688,118.12130737304688,430.6500129699707,6,0,18,4,1,14,15,32,6847
14,2,0,0,3,0,112.98999786376953,290.1100082397461,259.92000579833984,16,1,18,3,6,11,17,3,6652
14,2,0,0,2,0,0,167.72999572753906,388.6499938964844,8,0,17,4,1,11,12,2,6110
7,2,1,4,3,47.369998931884766,14.729999542236328,146.95000076293945,47.369998931884766,7,1,4,0,6,3,9,8,3080
7,1,1,3,0,88.95999145507812,0,289.5923652648926,237.62998962402344,15,4,16,1,8,6,14,28,6793
14,18,0,0,3,0,125.85999298095703,260.7999954223633,243.8300018310547,13,1,16,0,8,11,19,31,6285
23,1,1,1,1,121.71129608154297,100.62383270263672,189.4338321685791,195.3112907409668,17,1,13,2,8,7,15,31,6490
7,8,1,2,3,108.52000427246094,93.1300048828125,172.19000434875488,317.2800064086914,11,1,12,2,5,7,12,32,6178
7,15,0,0,2,0,30.2399959564209,220.66122817993164,309.61000061035156,17,2,17,4,12,10,22,2,6958
7,2,1,3,3,36,92.92999267578125,251.44869995117188,167.8400115966797,11,1,10,1,6,5,11,31,6059
7,2,1,3,4,121.32001495361328,140.6300048828125,131.03000450134277,210.66001892089844,8,0,10,1,5,5,10,31,5736
7,22,1,3,1,49.099998474121094,0,253.35000228881836,168.9969711303711,13,3,12,1,8,7,15,32,5927
7,1,0,0,3,0,103.2300033569336,139.97000122070312,348.4399948120117,8,1,13,4,2,8,10,31,6549
7,8,1,4,0,76.91999816894531,0,272.457932472229,76.91999816894531,10,4,6,0,7,5,12,8,5467
7,1,1,3,0,49.400001525878906,0,304.0401496887207,162.11001586914062,11,4,10,1,4,8,12,31,6286
22,22,1,2,0,0,0,229.84416961669922,258.87998962402344,10,2,9,2,6,4,10,2,5993
23,25,0,0,3,0,95.16000366210938,176.45000457763672,336.57998752593994,14,1,17,4,8,8,16,2,7195
1,18,0,0,3,0,37.22026062011719,146.5167465209961,379.15000915527344,6,1,12,3,3,8,11,31,6930
7,22,0,0,2,0,57.7599983215332,186.89005661010742,395.5500030517578,14,2,15,4,6,9,15,2,6743
7,22,0,0,2,0,89.9090805053711,211.72907829284668,396.05999755859375,12,2,17,3,4,11,15,2,8053
7,21,1,2,0,0,0,311.99999809265137,168.83999633789062,18,3,11,1,11,3,14,3,7275
7,1,0,0,1,0,11.899999618530273,118.3700008392334,238.33839416503906,10,2,10,2,6,6,12,8,5804
7,2,0,0,2,0,134.75,285.15000915527344,327.81603240966797,15,2,16,3,8,7,15,2,8245
7,7,1,3,0,97.83487701416016,0,282.4800021648407,238.80487823486328,14,4,10,1,7,4,11,3,7682
7,18,0,0,2,0,84.83000183105469,300.75000762939453,418.4599952697754,19,2,18,4,9,11,20,2,8903
7,1,1,1,0,83.80999755859375,0,311.15907430648804,288.2599925994873,16,4,15,2,11,9,20,28,7948
7,1,0,0,2,0,136.300048828125,332.20004653930664,273.93052196502686,16,2,19,4,7,10,17,3,8463
21,8,0,0,2,0,71.19000244140625,167.49000549316406,389.19998931884766,15,2,15,3,6,8,14,28,7759
21,1,0,0,3,0,52.22999954223633,134.03000259399414,393.20999908447266,11,1,18,4,5,16,21,28,8991
7,1,0,0,2,0,40.83000183105469,313.6899871826172,389.4002685546875,20,2,19,4,8,10,18,2,8692
7,22,1,2,0,20.639999389648438,0,409.82001399993896,254.3831443786621,20,4,17,2,11,11,22,31,8865
7,0,1,3,0,41.36000061035156,0,218.67999935150146,198.39732360839844,15,2,17,1,8,6,14,32,7020
7,15,0,0,2,0,38.51960372924805,229.9880542755127,274.0299987792969,14,1,13,4,10,6,16,3,8021
7,7,0,0,3,0,70.16000366210938,146.09999656677246,352.87999153137207,12,1,19,4,6,15,21,31,8474
7,7,1,3,3,16.559999465942383,70.5199966430664,183.86998915672302,208.3400182723999,10,1,10,1,2,6,8,28,7239
14,21,0,0,2,0,59,221.7200050354004,379.2900047302246,17,2,22,3,6,15,21,32,8898
14,2,1,1,0,140.57000732421875,0,389.7951965332031,384.8100166320801,19,4,20,3,8,10,18,32,8686
14,9,0,0,3,0,107.22000122070312,248.6494598388672,359.0591506958008,16,1,17,2,4,10,14,32,7756
14,2,0,0,2,0,0,238.4199981689453,376.929988861084,11,1,20,4,2,15,17,31,7907
7,14,1,3,2,145.3699951171875,26.93000030517578,271.0399799346924,284.24000549316406,14,2,10,1,8,2,10,32,7331
7,22,1,2,0,46.52000045776367,0,269.29815697669983,266.48401641845703,18,3,15,2,8,8,16,32,8249
7,25,1,2,0,0,0,336.53002166748047,240.07382202148438,11,3,9,2,8,3,11,3,7304
7,2,1,3,0,52.369998931884766,0,308.7172212600708,164.47001266479492,16,4,10,1,9,4,13,31,7833
7,25,1,3,0,32,0,504.7800102233887,141.6500015258789,18,4,8,1,10,2,12,2,7933
14,22,0,0,2,0,64.63999938964844,106.63999938964844,490.2381896972656,6,0,19,4,2,13,15,28,7477
7,2,1,2,0,48.28999710083008,0,227.60999488830566,187.1099967956543,15,4,16,2,8,14,22,28,7513
7,0,1,3,2,83.6300048828125,79.1500015258789,272.00492095947266,201.55001831054688,12,2,15,1,8,6,14,3,6547
7,2,1,3,0,96.50999450683594,0,352.6600151062012,217.42999267578125,17,4,14,1,12,5,17,28,7708
7,2,1,2,0,59.279998779296875,0,348.55999660491943,221.32999324798584,15,4,13,2,6,8,14,32,8827
8,22,0,0,2,0,51.73999786376953,105.73999786376953,236.4599952697754,7,0,11,3,5,8,13,8,5460
14,18,0,0,2,0,123.7800064086914,275.82000732421875,437.53998947143555,13,1,19,4,6,9,15,31,8883
7,15,0,0,3,0,72.12000274658203,171.62615776062012,252.8340129852295,7,1,12,4,5,7,12,8,5811
13,18,0,0,4,0,122.73001098632812,122.73001098632812,394.88697052001953,8,0,17,4,1,10,11,28,7918
13,26,0,0,2,0,93.04000091552734,256.6000061035156,326.3199920654297,15,1,18,4,6,9,15,3,8435
7,22,1,2,0,119.81999969482422,0,309.7100009918213,207.47999572753906,19,4,17,1,13,7,20,2,7502
7,17,1,1,0,0,0,363.4800033569336,242.4720344543457,9,3,9,2,3,3,6,2,6068
7,2,0,0,1,0,63.80999755859375,241.62999725341797,314.0999946594238,11,2,15,4,8,10,18,31,8401
7,1,1,1,3,0,89.07953643798828,207.57953643798828,312.09000396728516,14,1,14,3,6,9,15,8,6712
7,17,1,2,0,9.09999942779541,0,313.1381607055664,265.979531288147,10,3,10,2,3,6,9,2,7301
14,1,1,3,0,136.8699951171875,0,319.7349319458008,229.6399917602539,14,3,18,1,5,13,18,3,7895
14,1,0,0,2,0,63.55999755859375,297.75999450683594,389.42999935150146,15,2,24,4,6,12,18,2,8869
21,17,0,0,3,0,90.56999969482422,229.87001037597656,388.15000915527344,16,1,20,3,5,9,14,32,8758
7,1,1,3,0,26.579999923706055,0,330.7100009918213,151.3703899383545,15,4,13,1,10,6,16,31,7305
7,17,1,3,0,41,0,370.0599956512451,185.23001098632812,14,4,11,1,9,4,13,2,8207
7,1,1,2,0,0,0,295.6000018119812,175.1399917602539,18,3,14,1,8,6,14,32,7889
7,1,0,0,2,0,55.12236785888672,165.29237747192383,302.0302562713623,9,1,15,3,6,11,17,2,7854
22,22,0,0,1,0,0,222.1534194946289,413.66000747680664,13,3,20,4,5,16,21,3,8339
7,22,1,3,0,107.44000244140625,0,295.6299991607666,247.6800079345703,17,3,15,1,10,8,18,31,6866
7,15,1,3,0,12,0,432.59408044815063,135.9199981689453,12,4,9,1,9,5,14,32,7547
7,1,0,0,3,0,50.25,180.13000106811523,309.760009765625,8,1,17,4,4,9,13,28,8097
7,0,0,0,2,0,57.369998931884766,247.7799949645996,402.3544158935547,13,2,15,4,5,10,15,31,7625
7,22,0,0,3,0,94.45999145507812,185.85998916625977,419.57000732421875,13,1,17,4,8,9,17,31,8289
22,22,0,0,2,0,62.019996643066406,291.02999114990234,382.9900321960449,18,2,22,3,7,15,22,32,8339
7,1,1,3,0,82.45999908447266,0,371.85000801086426,199.57000732421875,18,4,13,1,10,5,15,32,7607
7,2,1,2,0,37,0,310.2162780761719,222.3000030517578,15,3,13,2,6,9,15,8,6054
14,25,0,0,3,0,154.0399932861328,283.9199981689453,441.0400085449219,14,1,21,4,5,9,14,32,9027
7,1,1,2,0,94.95999908447266,0,293.0899963378906,207.80000495910645,19,3,15,0,9,7,16,28,7675
7,1,0,0,4,0,161.8300018310547,146.8300018310547,417.9600067138672,11,0,13,4,6,8,14,32,7232
7,7,1,2,0,81.88999938964844,0,391.7052345275879,178.13000297546387,14,3,13,0,10,5,15,31,8277
7,1,0,0,2,0,32.54999923706055,192.93953657150269,279.72999572753906,14,2,12,4,8,6,14,2,8545
7,7,1,1,0,0,0,393.056768655777,164.4000015258789,11,4,12,1,7,6,13,8,7145
7,1,0,0,3,0,82.4000015258789,192.57999420166016,327.41999435424805,10,1,13,4,4,9,13,8,6120
1,15,0,0,3,0,120.03965759277344,218.18692016601562,351.55999755859375,12,1,18,4,5,10,15,2,7510
7,15,0,0,3,0,66.44953918457031,153.76954078674316,317.0699920654297,11,1,18,4,6,11,17,28,8392
7,1,1,2,0,43.790000915527344,0,286.70492362976074,216.4800033569336,15,2,16,1,10,5,15,28,7746
7,1,0,0,1,0,0,298.1299858093262,327.7420253753662,15,3,18,3,6,8,14,32,7127
7,22,0,0,2,0,78.31999969482422,223.5300006866455,369.29736709594727,17,2,19,3,6,8,14,2,7514
7,22,1,1,0,49.470001220703125,0,297.36999320983887,389.0699920654297,16,3,20,2,4,8,12,28,8370
7,22,1,1,0,0,0,302.54000091552734,338.45999908447266,19,3,14,3,8,9,17,31,7977
7,2,1,1,0,12.09000015258789,0,272.0100009441376,370.48998641967773,16,2,15,3,9,8,17,31,8090
7,15,0,0,2,0,20.636306762695312,237.6163158416748,311.2900047302246,11,2,15,4,6,4,10,2,6183
7,1,1,2,0,0,0,368.73999977111816,254.78002166748047,16,4,15,1,6,8,14,28,8526
1,14,0,0,1,0,0,167.47626495361328,449.9000015258789,12,2,16,4,6,9,15,31,8157
7,1,0,0,1,0,18,199.2299976348877,426.883544921875,17,2,17,4,7,10,17,2,8400
7,1,0,0,4,0,154.36000061035156,139.36000061035156,414.95999908447266,14,0,20,4,7,13,20,28,7388
7,1,0,0,2,0,10.920000076293945,227.87999153137207,425.94998931884766,11,2,16,4,5,12,17,3,7754
7,7,0,0,3,0,85.88604736328125,191.48605346679688,276.7100124359131,13,1,18,4,7,9,16,8,7608
21,22,0,0,1,0,57.23999786376953,310.4121265411377,402.46999526023865,20,3,21,3,10,18,28,2,9819
7,2,1,2,0,68.52999877929688,0,359.35997200012207,296.86000061035156,14,2,18,2,8,11,19,28,10013
21,22,0,0,1,0,34,337.20702362060547,399.3200035095215,21,2,22,4,11,16,27,31,10654
21,22,0,0,1,0,10.920000076293945,365.5140552520752,411.12000274658203,19,2,22,4,8,15,23,2,9747
7,18,1,2,0,138.83999633789062,0,421.850830078125,325.8999938964844,18,3,13,2,9,6,15,2,9126
14,1,0,0,2,0,61.13999938964844,301.5118103027344,437.15177059173584,18,1,24,3,9,14,23,32,10023
7,7,0,0,3,0,131.44000244140625,276.6599884033203,378.86999702453613,17,1,17,3,8,10,18,3,9474
7,7,0,0,2,0,35,298.6849136352539,396.7399945259094,14,2,15,4,8,9,17,31,9222
7,2,1,1,0,16.459999084472656,0,358.9311714172363,272.07999420166016,15,4,16,3,8,11,19,3,9167
7,22,0,0,3,0,100.68000030517578,181.36000061035156,422.18692779541016,12,1,12,4,6,7,13,31,7967
7,22,0,0,2,0,17,221.67999267578125,580.6099853515625,17,2,15,4,6,12,18,2,10292
7,22,1,1,0,92.72999572753906,0,303.2099952697754,483.31202697753906,24,3,16,2,15,9,24,28,10103
7,22,0,0,1,0,66.13999938964844,271,494.22997283935547,14,3,18,3,3,13,16,32,9089
7,1,0,0,2,0,0,218.5921401977539,171.47999954223633,11,2,10,3,10,8,18,2,7566
7,1,0,0,2,0,0,238.99626922607422,337.9699897766113,16,2,16,4,6,9,15,3,7316
7,8,0,0,2,0,78.0999984741211,290.7799949645996,432.21984100341797,19,2,19,4,10,10,20,2,9947
7,18,0,0,1,0,20.329999923706055,320.9300060272217,473.89996337890625,14,3,19,4,3,7,10,3,9908
7,1,0,0,1,0,94.92000579833984,312.9800052642822,359.20999908447266,18,2,19,3,9,9,18,28,9853
7,1,0,0,1,0,46.769996643066406,357.20998764038086,447.9000015258789,18,3,20,4,6,10,16,2,9181
21,7,0,0,3,0,83.37999725341797,211.76021575927734,368.38000106811523,17,1,19,4,5,14,19,28,8176
7,9,1,2,0,10.459999084472656,0,447.0399932861328,286.1469955444336,20,4,13,2,13,5,18,2,9966
7,12,1,2,0,7.920000076293945,0,257.1899952888489,276.5900058746338,12,3,14,2,5,9,14,31,9551
7,1,1,3,0,75.90103912353516,0,377.8058671951294,179.52103424072266,17,4,14,1,11,5,16,28,8904
7,18,0,0,2,0,0,262.62841796875,335.04000091552734,12,2,14,3,5,6,11,8,7870
7,2,1,2,0,67.08000183105469,0,471.01999282836914,322.72999572753906,24,4,22,2,14,14,28,32,10408
7,15,0,0,2,0,63.3670768737793,337.9968147277832,327.060001373291,14,2,18,4,9,11,20,28,9601
7,2,1,1,1,36.65999984741211,102.89999389648438,386.57999420166016,283.54999566078186,15,2,17,3,6,11,17,28,9470
7,17,1,3,0,109.87999725341797,0,437.8200001716614,245.77999114990234,16,3,14,1,12,4,16,3,9531
14,18,0,0,2,0,0,272.57469940185547,362.7499885559082,10,2,22,4,4,14,18,31,9899
14,2,0,0,1,0,0,355.6882781982422,448.28997802734375,18,2,22,4,8,14,22,28,10637
7,2,0,0,3,0,92.3499984741211,226.20999336242676,436.93001651763916,13,1,18,4,5,9,14,31,9091
7,2,0,0,2,0,92.56000518798828,272.27000427246094,431.85997772216797,16,2,17,4,9,11,20,28,9517
7,18,1,2,0,99.87000274658203,0,402.3899974822998,308.92000579833984,15,4,18,2,10,9,19,32,9032
7,17,1,2,0,102.40000915527344,0,311.9300060272217,392.3800048828125,13,4,17,2,8,11,19,31,10111
7,7,0,0,3,0,94.23880767822266,188.6823501586914,406.27117824554443,12,0,11,3,6,9,15,28,9474
14,18,0,0,3,0,55.31999969482422,192.09000396728516,340.8100166320801,13,1,17,4,7,8,15,8,7365
14,18,0,0,2,0,54.44733428955078,232.95732879638672,329.0600128173828,14,2,17,4,5,11,16,31,8073
7,22,1,2,0,84.91000366210938,0,402.1799964904785,318.2900085449219,19,4,20,2,9,11,20,2,9148
7,1,0,0,2,0,100.72000122070312,303.1599884033203,353.6399917602539,15,2,20,4,6,12,18,28,10086
7,25,0,0,2,0,161.30999755859375,374.36076164245605,363.0938034057617,11,2,15,4,6,10,16,31,9073
7,2,1,3,0,112.56999206542969,0,401.0200047492981,241.73997497558594,20,4,17,1,12,5,17,3,10154
7,1,0,0,1,0,9.279999732971191,299.1300048828125,410.0000190734863,16,3,20,4,4,13,17,2,10277
14,22,0,0,2,0,19,243.3846893310547,538.3465738296509,16,2,19,3,9,9,18,31,10145
7,17,0,0,1,0,0,329.3100128173828,395.489990234375,17,3,16,4,7,8,15,2,8967
21,2,0,0,1,0,7,268.5515670776367,370.62001037597656,13,3,19,4,3,13,16,2,9764
7,22,1,3,0,107.0999984741211,0,386.26001167297363,274.98999786376953,17,3,18,1,5,12,17,31,9487
7,2,0,0,1,0,82.04000091552734,268.4999885559082,273.12000274658203,14,2,15,4,8,5,13,8,6876
7,2,1,3,0,90.80999755859375,0,430.60000228881836,220.95999336242676,19,4,16,1,9,8,17,31,9370
7,1,1,2,0,15.020000457763672,0,323.1799988746643,220.7103729248047,17,4,18,1,10,11,21,32,8895
12,2,0,0,1,0,101.15998840332031,225.72496032714844,423.3199920654297,17,2,19,4,7,13,20,31,8938
8,22,0,0,3,0,54.130001068115234,181.14001083374023,528.6180267333984,14,1,22,4,8,17,25,31,9434
7,25,0,0,2,0,178.55999755859375,410.9099922180176,306.5700092315674,12,2,12,3,7,6,13,32,9091
7,1,0,0,2,0,9.800000190734863,224.91539096832275,363.0399971008301,14,2,15,4,8,9,17,3,7938
7,2,1,2,0,6,0,346.75999641418457,310.0199890136719,19,4,17,2,10,8,18,28,10495
13,1,0,0,2,0,97.8800277709961,290.4300308227539,353.90001678466797,14,2,21,3,7,15,22,28,9511
7,1,0,0,1,0,91.37999725341797,387.66000032424927,349.2499966621399,23,3,17,4,12,6,18,2,10318
7,22,1,2,0,56.38999938964844,0,361.5600118637085,320.010009765625,17,4,18,2,7,10,17,8,8453
13,1,0,0,3,0,57,181.36000061035156,387.8906421661377,11,1,16,4,5,13,18,32,9500
14,1,0,0,3,0,92.93000030517578,252.81000518798828,522.9999923706055,15,1,21,4,7,15,22,2,9941
7,1,0,0,2,0,129.99000549316406,319.540002822876,309.9599952697754,15,2,18,4,6,9,15,32,10261
7,1,0,0,2,0,9,293.1899871826172,374.9299998283386,17,2,18,4,7,10,17,28,9656
7,7,1,2,0,84.86000061035156,0,378.4400100708008,280.89253997802734,19,4,16,2,9,10,19,3,9216
7,17,0,0,2,0,0,201.37000846862793,353.6940002441406,12,2,15,4,6,8,14,8,6955
7,7,0,0,1,0,28.329999923706055,392.60001707077026,304.8099994659424,19,3,18,2,10,6,16,28,9767
7,7,1,2,0,119.40999603271484,0,338.6299991607666,341.7499885559082,15,4,19,2,8,12,20,32,9201
7,17,1,2,0,109.78401184082031,0,408.8100051879883,346.75401306152344,20,4,16,1,10,4,14,2,9518
7,22,0,0,2,0,20.5,170.32999730110168,335.48999786376953,11,2,12,3,5,7,12,2,6591
7,1,1,2,2,38.409996032714844,103.58000183105469,293.3399963378906,202.1003875732422,15,2,12,2,7,3,10,32,5842
7,22,1,1,0,18.389999389648438,0,329.15001487731934,329.5400047302246,20,4,19,2,12,13,25,3,9455
22,22,1,1,0,91.30999755859375,0,482.5464630126953,299.52999114990234,22,4,19,3,9,8,17,8,8192
7,22,1,2,0,0,0,358.83999729156494,291.2000274658203,18,4,17,2,7,8,15,28,9066
7,1,1,2,0,52.61000061035156,0,365.30639839172363,266.34998321533203,23,4,18,2,13,13,26,2,10143
22,22,1,1,0,82.48999786376953,0,394.2444305419922,380.87000274658203,23,4,18,3,12,11,23,2,10079
22,1,1,3,0,151.8699951171875,0,411.40000915527344,248.2199935913086,16,4,13,1,10,7,17,3,8713
2,1,1,1,0,143.6800079345703,0,319.1599884033203,413.1200213432312,18,4,22,3,13,13,26,3,10558
7,1,1,1,0,12.59000015258789,0,294.5800018310547,266.93999099731445,17,4,14,2,11,9,20,28,9004
7,1,1,2,0,56.709999084472656,0,325.9999942779541,305.79998779296875,19,4,14,1,11,9,20,28,9688
7,1,1,2,0,0,0,322.7999897003174,249.02247619628906,18,4,14,2,13,11,24,32,9996
7,24,1,3,0,12.610000610351562,0,368.65998458862305,205.06997680664062,16,4,13,1,14,5,19,3,9506
7,1,1,1,0,13.729999542236328,0,318.91000747680664,353.4999885559082,21,4,14,3,10,8,18,31,9752
7,22,1,2,0,54.81999969482422,0,363.7199897766113,274.760009765625,20,4,17,2,9,9,18,2,8122
7,2,1,3,0,123.75999450683594,0,360.9800055027008,194.54999542236328,20,4,11,1,15,4,19,28,8913
7,1,1,1,0,84.3499984741211,0,398.54001331329346,341.1299934387207,21,4,17,2,12,9,21,32,9973
7,22,1,1,1,28.15999984741211,120.64999389648438,287.5799922943115,315.36999130249023,19,3,16,3,12,9,21,2,8921
7,22,1,2,1,53.86000061035156,87.73999786376953,316.69000816345215,319.0699996948242,17,2,16,2,8,10,18,3,9837
14,1,0,0,2,0,65.33999633789062,295.6899871826172,407.37998723983765,23,2,24,3,10,17,27,31,9831
7,1,1,2,0,39.650001525878906,0,297.5600004196167,305.04341888427734,18,4,18,2,11,7,18,28,9576
7,2,1,2,0,48.720001220703125,0,373.57999420166016,316.6800079345703,21,4,15,2,14,7,21,2,8872
7,3,1,2,0,63,0,459.3200089931488,287.55999755859375,16,4,12,2,10,6,16,28,9969
7,13,1,3,1,15,0,361.5800151824951,138.51000213623047,15,3,9,1,9,4,13,32,8452
7,22,1,2,0,127.7800064086914,0,308.4200096130371,381.9799919128418,18,3,18,2,7,10,17,32,8564
7,22,1,2,0,139.6099853515625,0,385.7100028991699,386.39998626708984,24,4,23,2,6,11,17,3,9458
7,4,1,3,0,153.8507080078125,0,367.01000595092773,284.78070068359375,21,3,21,1,8,12,20,31,9654
7,22,0,0,2,0,85.0999984741211,306.8099956512451,323.3199920654297,18,2,19,4,12,13,25,31,8594
1,14,0,0,1,0,11.799999237060547,262.9300289154053,395.8228302001953,21,3,27,3,10,17,27,3,10322
7,1,0,0,1,0,0,223.7699966430664,331.75001525878906,14,2,15,3,6,8,14,8,7715
7,22,1,1,0,118.10000610351562,0,275.2599811553955,327.4100036621094,16,3,12,1,8,7,15,28,8907
21,2,0,0,4,0,148.88999938964844,148.88999938964844,390.86998748779297,12,0,22,4,7,18,25,8,9255
21,22,0,0,2,0,119.5,336.0765075683594,504.4500045776367,19,2,22,4,11,16,27,3,11561
21,22,0,0,1,0,89.46000671386719,323.9600067138672,415.6499938964844,23,2,26,4,13,18,31,3,11411
7,22,0,0,2,0,42.43000030517578,231.07000160217285,434.40262603759766,15,2,17,4,9,10,19,28,9677
7,22,1,1,0,94.55999755859375,0,411.74002599716187,420.6500015258789,22,4,21,3,12,5,17,2,10022
7,22,0,0,1,0,11.829999923706055,246.5200023651123,354.6799964904785,14,3,10,3,5,8,13,8,6557
7,22,1,1,0,60,0,313.308162689209,376.4600067138672,20,3,21,3,6,11,17,3,9740
7,22,0,0,1,0,91.80000305175781,294.70760345458984,512.4600067138672,18,3,19,4,9,5,14,31,10306
7,7,0,0,1,0,0,232.8199920654297,418.84003257751465,14,1,19,3,3,13,16,32,11660
7,19,0,0,3,0,0,165.02999877929688,307.3499984741211,9,1,16,3,7,9,16,8,8359
7,22,0,0,2,0,67.23999786376953,157.1499993801117,455,11,1,16,4,7,12,19,28,10633
7,22,0,0,1,0,66.55000305175781,324.36999130249023,474.14737701416016,17,3,21,4,8,12,20,3,10931
7,7,1,1,0,47.37000274658203,0,361.28121185302734,332.7400140762329,19,4,21,2,12,11,23,31,11098
7,7,1,2,0,123.4876937866211,0,351.15635681152344,367.88241386413574,16,3,18,2,6,11,17,2,11118
7,1,0,0,1,0,17.829999923706055,258.1900100708008,325.65000915527344,14,2,14,4,8,9,17,32,8800
7,22,0,0,1,0,13.829999923706055,364.660005569458,481.0900230407715,25,3,20,4,12,8,20,3,11616
7,18,1,1,0,163.04000854492188,0,414.2699966430664,424.87001037597656,21,2,19,3,7,7,14,32,11457
7,2,0,0,2,0,136.9199981689453,333.75000190734863,364.49000358581543,21,2,21,3,13,11,24,28,11550
7,19,1,3,0,51.349998474121094,0,428.6099998950958,184.66000366210938,24,4,13,1,18,6,24,28,11068
7,1,0,0,3,0,140.76998901367188,234.87999534606934,478.22014236450195,19,1,25,4,11,13,24,32,10573
7,1,0,0,1,0,0,332.7100028991699,374.1402544975281,20,3,22,4,9,14,23,31,11115
21,18,0,0,1,0,0,307.0699996948242,410.5500068664551,21,2,17,4,10,10,20,32,10416
7,1,0,0,1,0,0,316.55999517440796,373.950008392334,18,3,17,3,12,11,23,2,11187
21,7,0,0,3,0,0,158.1800079345703,325.8200068473816,11,1,19,4,1,16,17,8,8215
7,2,1,3,0,38,0,372.1794729232788,213.47000122070312,16,2,14,1,9,5,14,3,7531
7,1,1,2,0,31.64999771118164,0,434.8300111293793,259.31999588012695,23,4,16,2,15,6,21,3,10572
7,20,1,2,0,53.66999816894531,0,364.147686958313,318.4679870605469,22,4,18,2,10,8,18,2,10491
7,2,1,1,0,0,0,483.35707664489746,347.2899856567383,21,4,19,3,13,11,24,31,10664
7,2,0,0,1,0,46.76000213623047,370.62454986572266,500.79998779296875,21,3,24,4,10,12,22,2,11381
7,22,0,0,2,0,0,211.6000099182129,430.1036682128906,11,2,22,4,7,18,25,28,9988
7,17,1,1,0,125.4000015258789,0,453.55002784729004,447.6699981689453,21,4,19,3,11,8,19,2,10260
14,18,0,0,1,0,17.34000015258789,407.9556694030762,406.24998664855957,18,3,22,3,6,13,19,28,12008
7,17,0,0,1,0,33,354.09999656677246,469.6600036621094,17,3,21,4,10,9,19,2,10882
7,18,1,2,0,167.75999450683594,0,406.8400001525879,353.89998626708984,18,4,20,2,10,12,22,31,11257
7,8,0,0,1,0,13,358.05001068115234,387.7633590698242,14,3,22,4,4,13,17,2,10725
7,7,1,1,0,11,0,382.78998255729675,260.98253774642944,16,4,13,2,10,7,17,31,10296
7,22,0,0,1,0,121.06000518798828,426.2583236694336,424.6718444824219,23,3,27,4,14,14,28,31,11132
7,17,0,0,1,0,87.67000579833984,419.65118503570557,493,19,3,20,4,8,11,19,32,11497
7,1,0,0,1,0,58.37999725341797,301.7000079154968,391.270263671875,17,3,13,3,6,8,14,31,10268
14,1,0,0,2,0,74.68999481201172,388.21997833251953,473.22999382019043,29,2,25,4,15,13,28,3,11408
7,22,1,1,0,0,0,346.9199900627136,346.21998596191406,22,4,18,2,12,7,19,28,10209
7,18,0,0,1,0,53.02000427246094,408.78001403808594,454.33998107910156,21,2,22,4,11,12,23,32,11276
7,1,1,1,0,59.999996185302734,0,196.15999603271484,284.73351669311523,15,1,10,2,12,3,15,2,6388
7,1,0,0,1,0,54.87999725341797,321.5999946594238,304.2118411064148,20,3,22,3,9,15,24,2,10723
7,22,0,0,1,0,124.26000213623047,334,503.62998962402344,19,2,24,4,3,10,13,31,10216
7,20,0,0,2,0,46.29762268066406,253.24762725830078,411.49462127685547,11,2,23,4,7,15,22,28,10491
7,1,1,1,0,39.89999771118164,0,395.0400125980377,333.8100128173828,23,4,28,2,15,13,28,2,11424
7,1,0,0,2,0,61.849998474121094,290.1599974632263,452.51000213623047,22,2,25,4,9,16,25,2,11021
7,2,0,0,1,0,29,341.18000507354736,417.1100044250488,15,3,22,4,6,12,18,32,11424
7,17,1,1,0,98.31999969482422,0,468.9600200653076,437.1699981689453,23,4,19,3,9,8,17,31,11478
7,1,1,2,0,41.72999954223633,0,383.52001667022705,282.2599983215332,19,4,22,2,9,12,21,31,10947
7,15,1,2,0,89.80999755859375,0,348.11861419677734,180.6699981689453,15,4,14,1,12,3,15,8,7263
7,17,1,1,0,21,0,380.00002098083496,312.4300003051758,18,4,17,2,13,5,18,32,9264
7,25,1,2,1,10,131.08001708984375,485.3800277709961,293.8699951171875,21,3,17,2,13,7,20,28,11537
7,18,1,1,0,38.20000076293945,0,389.68000507354736,334.5299873352051,19,3,18,2,11,9,20,32,10992
7,1,0,0,1,0,0,222.52999877929688,308.39000177383423,10,3,13,4,7,9,16,2,8208
7,2,1,1,0,70.8499984741211,0,427.0000114440918,372.93999099731445,18,4,15,3,12,10,22,2,10612
8,22,1,1,0,109.86000061035156,0,267.48999404907227,526.0799760818481,17,3,22,3,10,15,25,32,10071
12,22,0,0,1,0,69,222.9699935913086,580.3073959350586,20,3,26,4,8,19,27,32,11153
7,12,1,2,1,32,98.79999542236328,484.36998748779297,252.42999267578125,20,3,18,2,14,9,23,3,11341
7,22,1,1,0,30.919998168945312,0,405.6450824737549,363.77526092529297,25,4,19,3,14,12,26,32,10770
7,25,0,0,1,0,121.0199966430664,493.87000274658203,382.6399917602539,27,3,23,4,17,9,26,2,11332
7,22,1,1,0,98.6100082397461,0,380.970006942749,488.50002670288086,17,4,23,3,8,18,26,2,11402
7,22,1,2,0,70.04000091552734,0,433.03999423980713,312.8300018310547,20,4,14,2,12,4,16,8,8875
7,18,1,2,0,40.599998474121094,0,434.39999198913574,224.4699935913086,14,4,15,1,8,2,10,32,7603
7,1,1,1,0,28.639999389648438,0,295.8499960899353,326.2999954223633,16,4,18,3,12,7,19,32,10788
7,19,1,1,0,78.97999572753906,0,492.4199981689453,271.20000076293945,22,4,16,3,13,4,17,31,10817
7,22,1,1,0,89.20000457763672,0,340.0100038051605,473.6077346801758,23,4,22,3,11,11,22,28,11396
7,17,1,1,0,53.55999755859375,0,377.82000207901,416.2799987792969,15,3,24,3,4,9,13,28,11428
7,17,1,2,0,80.92999267578125,0,388.1900005340576,359.6600036621094,20,4,19,2,10,7,17,28,11230
7,1,1,2,0,66.83999633789062,0,321.50999760627747,315.7203903198242,16,4,17,2,8,12,20,31,10497
7,1,1,2,0,102.82354736328125,0,416.73999786376953,326.6961364746094,19,4,14,2,11,6,17,31,10735
7,1,1,1,0,113.20999145507812,0,389.31000900268555,482.6199951171875,22,4,24,3,7,10,17,3,11384
13,26,0,0,2,0,25,314.9100036621094,421.74000549316406,21,2,17,4,11,9,20,31,11340
7,1,0,0,1,0,0,310.94998359680176,410.05999755859375,19,3,15,4,11,8,19,8,9023
7,18,1,1,0,10.239999771118164,0,428.6099901199341,329.55999195575714,24,4,23,2,12,10,22,32,11218
7,7,1,2,0,32,0,368.3881530761719,294.4700126647949,16,3,12,2,7,6,13,8,8313
7,17,0,0,1,0,74.81999969482422,372.24999618530273,339.9400100708008,22,3,14,3,11,6,17,31,10313
7,7,1,2,0,28.189998626708984,0,525.0810165405273,296.32000160217285,20,4,17,2,7,6,13,2,10258
7,7,1,2,0,96.45000457763672,0,408.9311714172363,387.970006942749,18,4,18,1,3,10,13,32,10227
7,17,0,0,1,0,0,409.86860847473145,466.69998931884766,21,3,25,4,12,13,25,32,11369
7,22,1,1,0,41,0,518.7099895477295,288.30999779701233,25,4,21,3,14,7,21,2,10858
7,8,1,2,0,28.600000381469727,0,391.5423765182495,294.22000312805176,19,4,18,2,8,6,14,2,9597
7,17,0,0,2,0,0,274.1300106048584,399.7200622558594,12,2,15,4,10,5,15,32,10716
7,18,0,0,3,0,65.14445495605469,185.78445434570312,398.6500129699707,10,1,21,4,7,17,24,31,9921
7,22,1,1,0,8.1899995803833,0,434.6300048828125,239.71001148223877,24,3,12,2,16,4,20,8,8941
7,22,1,2,0,133.70999145507812,0,363.96999502182007,322.9399948120117,21,4,19,2,10,12,22,28,11599
1,1,0,0,1,0,17,342.9922180175781,389.4571132659912,20,3,20,3,6,10,16,28,11524
22,1,0,0,1,0,79.08000183105469,340.68658447265625,433.71997833251953,22,2,25,4,6,12,18,2,10848
8,1,0,0,2,0,0,213.3300018310547,420.14491271972656,11,1,18,4,4,15,19,8,8035
22,7,0,0,1,0,80.5999984741211,380.73280334472656,345.1799964904785,20,3,23,3,10,12,22,32,11449
7,17,1,2,0,0,0,377.1043703556061,239.35999298095703,16,4,12,2,8,6,14,8,8710
7,7,0,0,2,0,19,241.93999481201172,472.0925579071045,16,2,21,4,6,13,19,31,11142
7,2,1,2,0,0,0,444.3400115966797,229.47000122070312,19,4,16,2,11,6,17,2,10370
7,1,0,0,1,0,83.29000854492188,367.29999899864197,402.5905303955078,23,2,21,3,14,11,25,31,11707
7,1,1,1,0,8.1899995803833,0,317.0800156593323,443.2500123977661,18,3,23,3,8,16,24,28,11340
7,18,1,1,0,60.75,0,356.47000312805176,383.8200149536133,23,3,25,2,10,14,24,31,11482
7,2,0,0,2,0,130.5,335.5800018310547,266.40000343322754,19,2,17,2,13,8,21,8,8501
7,0,0,0,1,0,24.829999923706055,356.300012588501,437.5699768066406,19,3,22,4,11,9,20,28,11085
7,22,0,0,3,0,101.25999450683594,223.94000244140625,417.1800003051758,15,1,21,4,7,14,21,28,10180
7,22,1,1,0,0,0,329.8700141906738,374.65997314453125,15,3,20,3,6,12,18,28,10482
14,18,1,2,0,0,0,417.63565826416016,271.59000396728516,18,4,14,1,7,9,16,8,8692
7,22,1,1,0,0,0,421.32628059387207,342.1599998474121,25,4,23,3,10,12,22,32,10937
14,2,0,0,1,0,50.07999801635742,403.1299934387207,476.4000072479248,18,3,20,4,8,14,22,3,11509
14,2,0,0,1,0,71.06999969482422,407.34000396728516,386.3400115966797,21,3,21,4,15,13,28,3,10795
7,21,1,2,0,102.1399917602539,0,383.86627769470215,356.7900161743164,18,4,23,2,8,13,21,32,10444
7,2,1,2,0,57.439998626708984,0,405.2095396518707,292.13000106811523,21,4,13,2,11,8,19,3,10472
14,2,0,0,1,0,28,317.037353515625,430.0900049209595,15,2,21,4,11,17,28,2,10834
14,2,1,1,0,150.58999633789062,0,434.77999114990234,446.35999298095703,18,4,21,3,10,14,24,28,12234
7,1,1,2,0,19.76999855041504,0,388.63000106811523,281.08352851867676,24,4,16,2,14,9,23,2,10726
7,1,1,1,0,115.26000213623047,0,371.52985405921936,420.59999084472656,19,1,20,3,7,9,16,3,10277
7,7,1,2,0,15,0,360.91999340057373,271.63999938964844,19,4,15,2,10,8,18,3,10573
7,7,0,0,1,0,23.380001068115234,277.4230728149414,411.30000162124634,17,3,19,4,9,15,24,31,10335
7,17,0,0,1,0,131.54000854492188,336.437707901001,467.79000091552734,16,2,21,4,9,9,18,2,10772
7,1,1,1,0,65.08999633789062,0,391.44001388549805,349.8099899291992,27,4,21,3,21,11,32,31,11590
7,7,0,0,1,0,63.959999084472656,384.23999786376953,435.6000099182129,19,3,21,4,12,9,21,2,10521
7,17,0,0,1,0,24.399999618530273,292.2623715400696,490.8600082397461,21,2,25,4,10,15,25,31,11657
7,2,1,2,0,123.75999450683594,0,496.5915503501892,382.0399932861328,21,4,20,2,13,9,22,2,11608
7,25,1,2,0,70.39788055419922,0,476.8968391418457,243.99789428710938,22,4,17,2,15,11,26,31,10760
7,21,0,0,2,0,76.08000183105469,302.12000846862793,522.3800048828125,15,2,21,4,3,11,14,31,11876
7,18,1,2,0,0,0,384.23998832702637,352.8000183105469,22,2,17,2,12,3,15,28,11469
7,18,0,0,1,0,79.55999755859375,353.84000635147095,321.9199924468994,20,2,18,3,13,8,21,32,11500
7,14,1,1,0,18.600000381469727,0,450.84999799728394,342.73999214172363,21,4,21,3,15,7,22,31,11752
7,26,1,1,0,0,0,450.93997979164124,410.10460662841797,25,4,17,3,16,6,22,3,11321
14,14,0,0,1,0,9.699999809265137,334.2400026321411,418.5399875640869,18,2,23,3,12,14,26,31,10722
7,1,1,2,0,0,0,284.1100106239319,230.54999542236328,19,4,12,2,16,7,23,3,9502
7,2,1,3,0,112.55000305175781,0,332.350004196167,288.13999938964844,12,3,14,1,6,8,14,8,8300
7,13,1,1,0,86.85000610351562,0,409.6520366668701,363.9400177001953,24,3,18,2,11,9,20,2,9924
7,1,1,1,0,67.40999603271484,0,405.9423851966858,457.9699935913086,25,4,21,2,10,8,18,3,11093
7,1,1,2,0,0,0,546.7587776184082,251.16999340057373,23,4,13,2,15,4,19,28,10138
7,22,1,1,0,0,0,365.4058418273926,273.96000480651855,18,4,16,2,14,8,22,8,8438
7,22,1,1,0,74.66999816894531,0,385.12000846862793,432.98999786376953,21,3,18,3,14,10,24,28,11247
7,22,0,0,2,0,107.97000122070312,357.60001945495605,525.4300112724304,22,2,26,4,5,15,20,32,11133
7,7,0,0,1,0,78.63999938964844,346.1930732727051,457.6699981689453,14,3,19,4,12,11,23,28,10266
1,7,1,1,0,91.93000030517578,0,414.85948181152344,390.4800033569336,27,4,22,3,17,10,27,3,11539
7,1,1,2,1,0,21.280000686645508,326.7200152873993,253.62653589248657,17,3,15,2,9,10,19,2,10646
7,15,0,0,2,0,38.44999694824219,285.31492710113525,416.3199882507324,17,2,25,4,9,12,21,31,10775
7,1,1,1,1,98.68000030517578,125.45001220703125,411.59001445770264,382.8500061035156,23,3,24,3,14,12,26,31,11265
7,14,1,1,0,79.7699966430664,0,432.190016746521,397.01999282836914,20,4,18,3,13,4,17,28,11116
7,1,1,1,0,79.72000122070312,0,369.4195327758789,418.3400115966797,21,3,25,3,6,14,20,32,10368
7,2,1,1,0,33.58000183105469,0,503.42000579833984,368.13000106811523,25,3,25,3,8,14,22,3,12805
7,7,1,1,0,83.69999694824219,0,385.2399911880493,381.5400228500366,22,4,16,3,13,6,19,32,11906
7,22,1,2,0,86.25999450683594,0,347.1399803161621,375.4800109863281,22,4,22,2,11,12,23,2,9441
7,22,1,1,0,12,0,460.7899799346924,392.65399169921875,21,3,17,3,8,10,18,32,10903
7,22,1,1,0,30.84000015258789,0,449.5500183105469,236.7723274230957,23,4,11,1,16,6,22,28,10736
7,18,1,2,0,83.55999755859375,0,488.29001235961914,355.6699981689453,25,4,21,2,17,11,28,28,12752
7,7,0,0,2,0,109.86000061035156,198.23001194000244,297.05204010009766,7,1,11,3,4,6,10,31,6890
7,18,1,1,0,0,0,422.3695259094238,327.62000274658203,18,4,15,3,8,8,16,31,10624
7,1,0,0,2,0,101.62000274658203,331.8724136352539,365.540002822876,16,2,21,4,6,13,19,2,9956
7,7,0,0,3,0,102.45000457763672,224.61029052734375,457.89001750946045,16,1,20,4,4,11,15,8,8691
7,22,1,1,0,73.33999633789062,0,450.4200048446655,391.4199981689453,18,4,20,2,6,8,14,8,10006
7,1,0,0,1,0,0,268.710000038147,432.12000465393066,20,2,20,4,8,9,17,3,10231
7,19,0,0,1,0,16,387.0400199890137,381.3800024986267,18,3,22,4,12,15,27,32,12887
7,19,1,1,0,14.649999618530273,0,512.018196105957,323.34998893737793,23,4,18,3,15,9,24,2,13259
7,19,0,0,1,0,95.88999938964844,443.09000515937805,351.64000606536865,26,3,18,4,19,7,26,31,12280
7,1,0,0,1,0,83.69000244140625,406.3500061035156,476.6492042541504,28,3,31,4,16,12,28,32,12565
7,12,1,1,0,42.780006408691406,0,329.51000595092773,430.5503845214844,21,3,22,3,9,8,17,32,12546
7,1,0,0,1,0,13,314.9699981212616,501.22000885009766,19,3,24,4,10,11,21,31,12032
21,7,0,0,2,0,27.729999542236328,238.27000999450684,516.8688395023346,20,1,16,4,3,12,15,32,11740
7,21,1,3,0,92.85999298095703,0,379.420015335083,216.75999450683594,19,4,13,1,11,6,17,3,8516
7,12,0,0,1,0,72.9699935913086,367.9500207901001,408.36998748779297,19,3,21,4,10,12,22,2,12883
7,22,1,2,0,76.48999786376953,0,403.78999853134155,388.5657653808594,26,4,24,2,17,15,32,3,12860
7,1,1,1,0,14.389999389648438,0,480.0814514160156,386.0399856567383,24,4,22,3,12,7,19,31,13113
7,22,1,2,0,159.79771423339844,0,432.6600112915039,469.195068359375,23,4,22,2,6,12,18,31,12571
14,18,0,0,2,0,54.08000183105469,245.49000549316406,427.9599952697754,13,2,21,4,4,14,18,8,9752
7,1,0,0,1,0,35.01000213623047,354.3199996948242,475.34999084472656,22,3,21,4,11,10,21,28,12151
7,1,1,1,0,103.05999755859375,0,355.4870128631592,346.1903758049011,21,4,17,2,13,7,20,28,11747
7,22,1,1,0,51.63999938964844,0,412.95000648498535,512.3399963378906,23,4,27,3,11,15,26,2,12506
14,18,0,0,1,0,32.33000183105469,300.9215393066406,506.5000228881836,19,2,26,3,6,15,21,28,11488
7,22,0,0,1,0,53.040000915527344,357.90000915527344,483.8565673828125,21,3,25,4,14,11,25,32,11761
7,1,1,1,0,57.0099983215332,0,379.9672393798828,451.0406608581543,22,4,28,3,7,18,25,2,12881
7,17,1,2,0,139.64999389648438,0,506.22997856140137,401.9800033569336,26,4,20,2,16,8,24,31,12872
7,17,0,0,1,0,82.42999267578125,359.23999977111816,398.3140106201172,21,3,19,2,8,7,15,31,10489
7,1,0,0,1,0,59.529998779296875,305.22999382019043,515.1799926757812,14,3,21,4,7,16,23,28,12217
7,17,0,0,1,0,83.69000244140625,392.12000465393066,215.8800048828125,10,3,13,1,5,6,11,8,7591
7,2,1,1,0,34.7599983215332,0,436.6500072479248,429.38000869750977,27,4,25,3,19,12,31,3,13462
7,1,0,0,1,0,60.62999725341797,372.6500072479248,442.11000776290894,15,3,19,4,8,11,19,32,12669
7,1,1,1,0,22.469999313354492,0,426.450026512146,316.8468265533447,25,4,20,3,19,11,30,31,12593
7,2,0,0,1,0,68.72999572753906,368.2700004577637,396.0100107192993,20,3,20,4,13,12,25,8,10314
14,17,1,1,0,136.54000854492188,0,439.3350601196289,503.86000061035156,22,4,26,3,12,19,31,3,13175
7,22,1,1,0,11.519999504089355,0,290.7700090408325,391.2503385543823,16,4,19,2,11,11,22,2,11079
7,17,1,1,0,27,0,428.5600070953369,371.72010803222656,17,4,20,2,6,9,15,28,11469
8,10,0,0,3,0,79.41999816894531,236.7100067138672,424.26343035697937,10,1,11,4,5,9,14,3,9317
8,22,0,0,1,0,41.209999084472656,178.77000427246094,359.85000944137573,15,1,23,3,5,20,25,28,11687
7,22,1,1,0,108.92000579833984,0,340.6900157928467,518.2770080566406,22,4,27,3,11,15,26,31,12539
7,22,0,0,1,0,50.040000915527344,331.4600028991699,519.4600276947021,20,3,28,4,8,18,26,2,11800
7,2,0,0,1,0,91.99999237060547,399.1099910736084,422.3199920654297,24,1,24,4,13,13,26,28,12844
7,25,0,0,1,0,0,403.996301651001,401.4300003051758,22,3,19,4,13,11,24,3,12771
7,20,1,3,0,41.189998626708984,0,393.37783575057983,143.92899703979492,11,4,8,0,6,3,9,32,7907
7,25,1,1,0,65.47000122070312,0,438.6999931335449,415.74000549316406,22,2,21,3,14,11,25,28,13179
7,25,1,1,0,102.09001159667969,0,460.6700019836426,422.8000183105469,25,3,21,3,16,7,23,8,10825
7,25,0,0,1,0,93.41349029541016,414.5634787082672,455.4400100708008,22,3,19,3,14,10,24,2,12764
7,1,0,0,1,0,50.279998779296875,366.2799987792969,421.3832702636719,25,3,24,4,10,11,21,28,12428
7,7,1,1,0,29.029998779296875,0,452.4962158203125,430.6995429992676,21,3,23,3,10,13,23,2,12002
7,22,0,0,1,0,112.75,365.4599952697754,493.01827239990234,19,3,23,4,9,14,23,31,11998
7,22,1,1,0,137.98025512695312,0,441.3800048828125,475.17024993896484,24,4,22,3,10,12,22,2,11444
7,1,1,1,0,75.79000091552734,0,400.8500018119812,324.7599902153015,21,4,22,3,10,14,24,28,11288
7,19,0,0,1,0,154.09999084472656,500.9899973869324,393.8500061035156,23,3,20,3,11,11,22,28,13177
7,19,1,1,0,56.400001525878906,0,466.76000785827637,389.4800109863281,22,3,24,3,12,12,24,28,12980
7,2,0,0,1,0,0,388.940016746521,505.2100086212158,17,3,17,4,7,6,13,3,12143
13,16,0,0,1,0,0,389.26000213623047,430.12002754211426,25,3,28,4,12,18,30,3,13595
7,1,0,0,1,0,62.19999313354492,413.8399848937988,392.0903854370117,26,3,25,4,17,16,33,2,12967
7,2,0,0,1,0,11.829999923706055,385.85815238952637,389.8199920654297,21,3,19,4,12,13,25,2,12104
7,17,0,0,1,0,0,314.8549175262451,487.9180145263672,19,3,23,4,11,9,20,28,11890
7,7,1,1,0,22.099998474121094,0,458.7999954223633,360.2390823364258,23,4,25,3,13,13,26,31,11873
7,7,0,0,2,0,41.369998931884766,317.288471698761,454.2025451660156,20,2,16,4,11,6,17,8,9418
7,3,1,1,0,25.780000686645508,0,476.8300151824951,299.5000171661377,20,4,13,2,10,6,16,28,12069
7,7,0,0,1,0,47.13999938964844,443.0271360874176,417.3600044250488,20,3,22,4,5,10,15,28,12694
7,8,1,2,0,76.12999725341797,0,544.6500091552734,354.23999786376953,19,4,18,2,10,8,18,32,11720
7,8,1,2,0,57.029998779296875,0,459.0100288391113,311.73998260498047,15,3,18,2,11,8,19,28,12170
7,22,1,2,0,137.58999633789062,0,347.930016040802,384.8900032043457,19,4,26,2,13,19,32,28,11275
7,8,1,1,0,128.01998901367188,0,441.5900115966797,448.06998443603516,25,4,23,3,9,10,19,3,12012
7,1,0,0,1,0,46.209999084472656,408.70999550819397,396.36000061035156,19,3,22,4,10,12,22,3,12035
7,18,0,0,2,0,0,244.14000701904297,345.64000701904297,11,2,15,3,6,11,17,8,8624
22,1,1,1,0,0,0,386.4972343444824,458.2291259765625,24,3,26,3,10,16,26,28,12847
14,17,0,0,1,0,82.35000610351562,445.53590393066406,470.1099853515625,28,3,29,4,12,18,30,3,13233
15,8,0,0,2,0,72.06999969482422,291.53401947021484,412.6304702758789,16,2,18,4,9,13,22,32,12513
23,1,0,0,1,0,5.639999866485596,357.4699785709381,346.7405376434326,23,3,23,4,12,6,18,32,12529
22,22,1,2,0,118.7300033569336,0,418.8461227416992,425.080020904541,26,4,28,2,11,18,29,31,12147
22,12,1,1,0,19.5,0,457.23536682128906,353.2400016784668,26,3,25,3,16,15,31,31,13589
23,1,0,0,1,0,15.639999389648438,294.3099937438965,365.0268898010254,21,3,20,4,15,12,27,8,10491
7,26,1,2,0,42.52000045776367,0,465.12001514434814,304.29001235961914,25,4,24,2,11,15,26,31,12385
7,1,1,1,0,0,0,507.85998368263245,321.8295135498047,25,4,21,3,13,11,24,2,13139
7,22,1,1,0,4.730000019073486,0,469.8100185394287,333.0899887084961,23,4,17,2,13,8,21,3,10489
7,1,0,0,1,0,18.600000381469727,373.4400177001953,339.4000029563904,19,3,23,3,11,11,22,32,11537
7,26,1,2,0,0,0,539.8831024169922,293.1874694824219,28,4,22,2,21,9,30,3,13205
7,1,1,2,0,98.76000213623047,0,428.2200126647949,318.25000762939453,27,4,23,2,16,11,27,3,12426
7,22,0,0,2,0,101.24999237060547,282.53000354766846,384.36828994750977,17,2,16,4,10,6,16,8,8581
7,22,0,0,1,0,42.73999786376953,329.2199954986572,460.12000274658203,24,3,25,4,14,13,27,8,10181
7,22,1,2,0,9,0,425.5300064086914,319.73999786376953,23,4,23,2,7,11,18,31,11990
21,25,0,0,1,0,76.74000549316406,386.35999298095703,386.9399948120117,17,3,19,4,9,12,21,8,9584
7,1,1,1,0,121.57999420166016,0,319.8800001144409,491.9911575317383,26,4,32,3,15,20,35,3,13213
7,7,1,1,0,0,0,396.9500150680542,308.6805191040039,22,4,16,3,10,3,13,8,10239
7,22,0,0,1,0,0,294.5825386047363,453.72998809814453,19,3,21,4,10,16,26,28,12222
7,22,1,1,0,107.1199951171875,0,370.8899955749512,454.95999908447266,23,4,23,2,10,10,20,2,11879
7,22,1,2,0,123.79999542236328,0,450.00999450683594,399.7900161743164,26,4,27,2,16,14,30,28,11501
7,22,0,0,2,0,91.97999572753906,323.3600080013275,548.7695846557617,22,2,20,3,12,7,19,3,12689
7,21,0,0,1,0,72.66999816894531,323.9023666381836,451.6599884033203,22,2,20,3,13,10,23,31,12473
7,1,0,0,2,0,84.02999877929688,275.04000091552734,496.8200225830078,22,2,25,4,11,17,28,31,11580
7,3,0,0,2,0,151.05059814453125,318.8106002807617,476.010009765625,17,2,17,4,9,10,19,3,11776
7,17,1,1,0,23.940000534057617,0,486.84000873565674,412.8899974822998,19,4,20,3,9,7,16,28,12760
7,18,1,2,0,89.75,0,381.4300103187561,299.17000579833984,19,4,15,2,14,11,25,2,11637
7,3,0,0,1,0,31.260000228881836,471.5599956512451,515.9400177001953,25,3,23,4,12,8,20,31,13272
7,22,0,0,1,0,11.829999923706055,278.7700138092041,452.63998794555664,21,2,22,4,12,12,24,28,11654
7,17,1,1,0,70.1199951171875,0,422.0000057220459,467.87999725341797,21,4,22,2,12,10,22,32,12404
7,22,1,1,0,48.029998779296875,0,430.0400047302246,496.85999631881714,25,4,29,3,9,16,25,31,12321
7,22,0,0,1,0,59.91999816894531,341.85000467300415,423.570011138916,22,3,24,4,8,13,21,32,12317
7,13,0,0,2,0,110.04000091552734,444.91002368927,377.73001861572266,22,2,24,3,8,12,20,3,11223
7,1,1,1,1,136.6999969482422,0,327.9116439819336,379.92998933792114,18,3,18,3,9,9,18,3,9484
7,1,0,0,1,0,68.00999450683594,289.6695303916931,354.25000190734863,21,3,19,4,11,10,21,31,10582
7,1,1,1,0,111.44001007080078,0,399.64000701904297,426.6200180053711,26,4,24,3,14,12,26,28,12404
7,2,0,0,1,0,60.400001525878906,451.84002685546875,437.57000732421875,28,3,23,4,17,12,29,32,12977
7,6,1,1,0,16,0,413.0000057220459,424.4503173828125,22,4,22,3,12,7,19,28,11544
7,2,1,1,0,18,0,449.6200122833252,435.90001678466797,20,4,21,3,8,14,22,28,11969
7,15,1,1,0,72.56999969482422,0,476.7083282470703,423.02999114990234,19,4,18,3,11,7,18,31,10334
7,15,0,0,2,0,17.459999084472656,313.98999786376953,324.8999900817871,16,2,18,4,11,10,21,28,9865
7,18,0,0,2,0,36.34000015258789,204.63000106811523,522.1200103759766,19,2,31,4,14,22,36,28,12178
14,4,1,1,0,69.16999816894531,0,523.1409950256348,313.8099899291992,26,3,22,2,15,10,25,3,13303
7,2,1,2,0,22.919998168945312,0,401.36168670654297,320.8899688720703,23,3,20,2,15,15,30,31,12822
7,15,0,0,1,0,118.1100082397461,465.6900236606598,360.7099838256836,22,3,28,3,12,12,24,31,13109
7,7,0,0,2,0,16.919998168945312,315.96002197265625,482.770001411438,18,2,18,4,7,9,16,31,11671
7,22,1,1,0,10.920000076293945,0,394.0199966430664,452.74998664855957,24,4,20,3,9,10,19,2,12611
7,6,1,2,0,151.97030639648438,0,482.5305824279785,342.85984802246094,27,4,22,1,15,9,24,28,12994
7,13,1,3,0,64.75,0,346.9100170135498,222.2300262451172,18,3,16,1,11,4,15,2,11665
7,2,0,0,1,0,84.2699966430664,390.49001693725586,405.9999885559082,19,3,17,4,12,13,25,3,11728
7,7,1,1,0,84.77999877929688,0,436.50999450683594,379.77000427246094,21,4,30,3,12,13,25,8,11119
7,1,0,0,1,0,0,360.41940116882324,477.46998167037964,18,3,23,4,9,13,22,2,10902
7,1,0,0,1,0,101.94000244140625,386.242395401001,459.7799987792969,18,3,19,4,11,10,21,31,10890
7,1,0,0,1,0,0,339.4663543701172,332.95013999938965,21,3,18,3,12,9,21,8,10018
7,19,1,2,0,44.220001220703125,0,501.19000244140625,306.9200134277344,26,4,16,2,19,11,30,3,14759
7,12,0,0,1,0,99.02999877929688,402.00816345214844,482.3028030395508,21,2,27,4,9,5,14,2,13922
7,13,1,2,0,103.69022369384766,0,276.80598545074463,342.3502197265625,19,3,18,2,8,7,15,31,9573
7,9,1,2,0,41.11000061035156,0,480.2000923156738,323.5199890136719,20,4,17,2,10,7,17,8,10153
7,1,1,1,0,66.25,0,433.9000186920166,411.2099914550781,26,4,27,3,15,14,29,31,14145
7,2,1,2,0,38.459999084472656,0,427.0900020599365,215.44000244140625,18,4,12,2,13,7,20,28,10053
7,26,0,0,1,0,0,335.0400085449219,494.95999908447266,19,3,27,4,13,16,29,28,13804
7,0,1,1,0,0,0,396.3511543273926,315.00025939941406,20,4,16,2,12,9,21,2,11946
14,0,0,0,1,0,89.83999633789062,388.2799987792969,488.1679186820984,20,2,27,4,10,21,31,31,13185
14,0,0,0,2,0,123,420.54530334472656,505.9346160888672,28,2,29,3,9,18,27,3,13034
7,22,1,1,0,125.15999603271484,0,334.9300003051758,549.7499847412109,22,4,23,3,9,16,25,2,13066
14,7,0,0,1,0,10,369.59832763671875,540.2800102233887,17,3,34,4,10,24,34,3,13682
14,2,1,1,0,13,0,517.2397613525391,372.11000061035156,27,4,25,3,11,14,25,8,11443
7,1,1,1,0,71.41000366210938,0,412.639066696167,415.50450468063354,24,4,17,2,13,9,22,32,13431
7,17,1,1,0,0,0,558.7800140380859,391.9399871826172,25,4,13,3,22,6,28,32,13809
7,7,0,0,1,0,45.540000915527344,412.7300090789795,371.5400049686432,17,3,20,4,5,12,17,8,10816
7,22,0,0,1,0,29.739999771118164,411.9299774169922,576.5500106811523,24,3,24,4,13,14,27,3,14291
7,15,1,2,1,84.77999877929688,150.07998657226562,468.3999719619751,250.2899932861328,19,3,21,2,12,12,24,3,12266
7,22,1,1,0,42,0,368.56000328063965,166.9699945449829,15,4,11,2,10,6,16,8,7837
7,2,0,0,1,0,24.75,378.3400127887726,467.7999954223633,21,3,28,4,12,19,31,2,13547
21,14,1,1,0,97.88999938964844,0,457.64998626708984,502.55999755859375,24,4,25,3,14,17,31,32,14655
21,9,0,0,2,0,125.3031234741211,353.5460433959961,548.136833190918,26,2,27,4,12,19,31,28,14559
7,22,1,3,0,96.59000396728516,0,349.73569107055664,210.95999956130981,13,4,17,1,8,10,18,3,9256
7,22,0,0,1,0,9.130000114440918,319.6699936389923,567.2100143432617,21,3,24,4,11,15,26,28,13024
7,15,0,0,1,0,85.19001007080078,359.14908027648926,353.4500045776367,16,3,21,4,7,9,16,8,9744
7,22,0,0,1,0,12,337.8700199127197,426.161039352417,22,3,29,3,7,15,22,8,10759
7,22,1,1,0,59.28999710083008,0,392.5599970817566,442.69018173217773,21,4,22,3,11,13,24,3,13158
7,22,1,1,0,76.27000427246094,0,452.45996475219727,500.25695419311523,28,4,29,3,15,15,30,3,14351
7,1,1,1,0,107.58999633789062,0,445.17237854003906,385.2335433959961,26,4,24,3,12,17,29,32,12826
7,7,1,1,1,37.81999969482422,192.89999389648438,506.6686248779297,336.3000068664551,19,3,20,3,13,14,27,31,14567
7,1,1,1,0,78.47000122070312,0,416.60473823547363,423.03051376342773,23,4,26,3,14,15,29,3,14333
7,2,0,0,1,0,149.3100128173828,389.3362846374512,408.6100082397461,22,2,23,4,13,16,29,28,14355
7,1,0,0,2,0,47.52000045776367,306.28998947143555,476.11998748779297,22,2,24,3,13,16,29,28,14001
7,2,0,0,1,0,11.569999694824219,307.849990606308,481.9099884033203,18,2,24,4,14,16,30,28,14114
7,1,0,0,1,0,138.96998596191406,443.59998893737793,498.0599956512451,23,2,28,4,11,11,22,28,14478
7,17,1,2,0,141.44802856445312,0,512.8300402164459,308.7620391845703,25,4,14,1,16,3,19,31,11023
7,7,1,1,0,29.869998931884766,0,500.76000213623047,436.81000900268555,29,4,26,3,16,12,28,3,14259
7,17,1,1,0,161.79000854492188,0,515.6900119781494,373.7200164794922,22,3,24,2,11,15,26,3,14086
7,17,0,0,1,0,91.22000122070312,450.4400339126587,562.5586471557617,26,3,24,4,16,9,25,32,14019
7,7,1,1,0,78.6500015258789,0,511.8095302581787,379.7762756347656,25,4,21,3,13,11,24,31,13814
7,17,1,1,0,49.91999816894531,0,443.18997955322266,455.30999755859375,21,4,22,3,11,11,22,8,11893
7,22,1,1,0,8.1899995803833,0,329.4000015258789,361.0299959182739,24,4,18,3,10,13,23,8,10914
10,17,1,3,0,132.8699951171875,0,316.36474227905273,308.8699951171875,15,3,19,1,7,12,19,8,9058
2,1,1,1,0,82.75999450683594,0,367.0800094604492,530.5705299377441,24,4,35,3,11,27,38,32,14751
14,1,0,0,1,0,12.179999351501465,368.49022579193115,450.6099967956543,25,3,30,4,15,20,35,31,14181
7,22,0,0,2,0,41.540000915527344,233.0500030517578,326.2700023651123,16,2,22,3,7,15,22,32,9459
7,15,0,0,1,0,148.10000610351562,532.2454147338867,491.5199737548828,27,3,34,4,16,12,28,28,14810
7,22,0,0,1,0,142.82000732421875,409.4799909591675,525.1720199584961,20,3,21,4,7,12,19,2,13584
7,21,1,3,0,157.9300079345703,0,499.4299850463867,264.49000549316406,23,4,19,0,13,6,19,28,12397
7,22,0,0,1,0,64.08999633789062,286.71000051498413,587.0499725341797,18,2,23,4,4,16,20,31,12442
7,7,1,1,0,22.200000762939453,0,405.69999837875366,431.17001724243164,19,4,19,3,9,12,21,28,13017
7,22,0,0,1,0,130.13999938964844,446.4500102996826,458.0499954223633,23,3,18,4,14,10,24,28,12981
7,1,1,1,0,27.950000762939453,0,428.6499843597412,418.439998626709,24,4,25,3,9,15,24,28,13386
7,22,0,0,1,0,18.940000534057617,366.98999977111816,529.4000015258789,23,3,20,3,16,12,28,28,14172
7,26,1,1,0,28.399999618530273,0,378.56999921798706,515.24001121521,23,4,23,3,6,14,20,31,13302
7,2,1,1,0,64.55999755859375,0,378.8595144748688,439.62999725341797,23,4,24,3,11,16,27,8,10705
7,6,0,0,1,0,92.61000061035156,493.5049514770508,376.8402519226074,21,3,21,3,12,10,22,2,12759
7,17,0,0,1,0,123.33999633789062,486.3799982070923,477.6500015258789,22,3,25,4,9,10,19,28,14532
7,18,0,0,2,0,76.52000427246094,307.04000759124756,541.5300064086914,23,2,28,4,13,18,31,31,14810
7,0,1,2,0,77.57999420166016,0,536.4107704162598,391.37996673583984,25,4,22,2,17,8,25,31,14130
7,17,0,0,1,0,59.849998474121094,411.9499845504761,545.859992980957,23,3,17,4,13,11,24,28,14662
7,0,1,1,0,108.8499984741211,0,453.8800172805786,453.86997985839844,19,4,18,3,15,8,23,28,13557
7,0,0,0,1,0,6,420.20878982543945,521.1800155639648,27,3,24,4,16,9,25,32,13795
7,18,1,1,0,46.54999923706055,0,447.21999740600586,528.9700050354004,23,4,24,3,10,10,20,32,13548
7,17,0,0,2,0,40.52000045776367,279.230007648468,473.49998474121094,20,2,23,3,14,17,31,32,13024
7,7,0,0,1,0,37.939998626708984,513.8720207214355,451.22999572753906,21,3,21,4,13,12,25,28,15913
7,1,1,1,0,14,0,376.6486120223999,420.0900115966797,22,3,21,3,8,8,16,28,11660
7,1,0,0,1,0,74.11000061035156,418.14000701904297,443.5605230331421,22,3,18,4,11,6,17,32,11655
7,1,0,0,1,0,0,368.7200012207031,484.93001556396484,22,3,18,4,11,11,22,3,12249
7,8,1,1,0,85.52999877929688,0,400.730016708374,539.4299964904785,26,4,28,3,14,17,31,28,14922
7,6,1,1,0,118.38031768798828,0,438.2400074005127,390.57854652404785,26,4,29,3,19,16,35,28,14334
7,2,0,0,2,0,92.11000061035156,289.75999450683594,376.63999938964844,18,2,23,4,7,13,20,31,10188
7,12,1,1,0,36.529998779296875,0,502.9000220298767,284.239990234375,20,4,20,3,13,10,23,32,15076
7,0,0,0,1,0,64.05000305175781,426.18001556396484,602.859992980957,25,3,31,4,14,17,31,28,15742
7,20,1,1,0,78.94001770019531,0,463.2463598251343,397.554723739624,26,4,23,2,17,13,30,2,14103
7,0,0,0,1,0,114.70000457763672,540.0300145149231,487.35999298095703,33,3,31,4,20,8,28,31,15588
7,17,1,1,0,119.79000091552734,0,523.6800031661987,491.6500015258789,26,4,24,3,13,13,26,31,14634
7,8,1,1,0,121.7099838256836,0,516.520013332367,542.3652114868164,28,4,29,3,18,17,35,28,16152
7,1,0,0,1,0,52.88999938964844,354.8900089263916,505.780029296875,23,3,30,4,15,18,33,32,14389
7,1,0,0,1,0,56.05000305175781,332.47999477386475,521.1399993896484,20,3,30,4,9,19,28,28,15133
8,1,1,1,0,42.00065231323242,0,428.4600291252136,447.0607109069824,29,4,27,2,16,19,35,31,14775
8,22,1,2,0,29.559999465942383,0,365.52999114990234,362.60998725891113,30,4,29,2,20,21,41,3,14131
7,2,0,0,1,0,71.99999237060547,382.19998574256897,445.0807647705078,24,3,29,4,12,16,28,32,14856
7,17,0,0,2,0,133.14999389648438,419.72999000549316,551.8440093994141,18,2,26,4,7,15,22,28,15188
7,17,0,0,1,0,8.639999389648438,399.2200241088867,553.3961029052734,23,3,21,4,11,8,19,3,13589
7,0,0,0,1,0,89.26236724853516,373.7123603820801,424.346492767334,19,3,23,4,11,12,23,8,12159
7,22,0,0,1,0,53.5,369.16999435424805,511.4399824142456,27,3,30,4,14,23,37,32,14845
7,1,0,0,1,0,56,361.3639659881592,476.02770233154297,24,3,27,4,10,16,26,8,11817
7,22,0,0,2,0,95.12999725341797,311.20000076293945,536.2280731201172,25,2,26,4,14,16,30,31,14461
7,7,0,0,1,0,144.25999450683594,466.8400135040283,438.2200183868408,20,3,24,4,11,15,26,31,15148
7,22,1,1,0,82.11000061035156,0,400.14707946777344,437.489990234375,27,4,24,3,14,14,28,8,11810
7,2,1,2,0,65.34000396728516,0,532.6499881744385,356.12000274658203,26,4,22,2,18,11,29,28,12596
7,22,1,2,1,132,49.64999771118164,412.7800130844116,424.45001220703125,31,3,22,2,20,13,33,28,14472
7,25,1,2,0,77.61000061035156,0,551.8900225162506,357.9800109863281,28,4,17,2,17,8,25,2,14917
7,15,1,2,0,73.00999450683594,0,513.609992980957,309.3300018310547,24,4,22,2,20,12,32,28,15129
7,6,0,0,2,0,110.31999969482422,387.1299934387207,610.9370880126953,22,2,29,3,9,13,22,32,14282
7,13,1,1,0,88.08000183105469,0,548.0199890136719,458.27130126953125,24,4,23,3,13,7,20,28,15319
7,13,1,1,0,56.150001525878906,0,598.1400337219238,400.2000045776367,22,4,19,3,15,3,18,28,14481
1,18,0,0,1,0,29.669204711914062,216.46426391601562,486.489990234375,16,2,24,4,10,17,27,8,10560
7,18,0,0,1,0,39.63999557495117,340.25998878479004,539.6399917602539,24,3,24,3,14,10,24,3,13015
7,22,0,0,1,0,116.19000244140625,302.25000190734863,439.98999786376953,22,2,21,3,12,12,24,8,10539
7,22,1,1,0,83.20999145507812,0,388.1149101257324,445.8795852661133,16,4,17,3,12,12,24,8,11848
7,22,0,0,1,0,118.31000518798828,401.2500047683716,574.119987487793,23,3,22,4,12,15,27,32,13735
7,1,0,0,1,0,104.45999145507812,488.9400100708008,495.81004333496094,28,3,25,4,8,9,17,28,12812
7,1,0,0,1,0,136.62002563476562,446.3800241947174,485.16998624801636,25,3,24,4,10,15,25,31,12794
7,1,1,1,0,7.460000038146973,0,507.4199981689453,406.45816707611084,31,4,30,3,22,17,39,28,16483
7,18,0,0,1,0,75.47999572753906,399.02623748779297,606.8499984741211,25,2,28,4,11,15,26,31,16484
7,0,0,0,1,0,62.029998779296875,445.01000213623047,365.3700065612793,27,3,24,2,15,10,25,8,11286
7,10,0,0,1,0,14,386.47747802734375,410.87999725341797,18,3,16,4,11,10,21,32,12918
7,8,1,1,0,50.83000183105469,0,552.2200012207031,398.89000701904297,29,4,26,3,19,16,35,31,16284
7,20,0,0,2,0,57.23999786376953,377.3999900817871,602.4170837402344,18,2,28,4,7,17,24,3,15653
7,1,0,0,1,0,12,428.57997703552246,612.0381774902344,28,3,25,4,12,12,24,28,17324
7,17,1,1,0,0,0,548.6702079772949,392.95999908447266,31,4,19,2,15,8,23,28,13906
21,9,0,0,1,0,26.869998931884766,373.429988861084,584.5633087158203,29,3,34,4,16,23,39,2,16864
8,2,0,0,2,0,11,201.7699966430664,385.1699905395508,17,1,22,4,12,19,31,3,10981
7,1,0,0,1,0,114.3800048828125,414.6299934387207,424.26000213623047,26,3,20,4,15,12,27,8,11883
7,22,1,2,0,72.47000122070312,0,315.58001494407654,387.32000732421875,16,3,21,2,10,14,24,8,9254
23,8,0,0,1,0,72.57999420166016,458.6499996185303,415.91000175476074,33,3,29,3,19,15,34,28,17181
7,1,1,2,0,100.45861053466797,0,449.08999824523926,376.04676055908203,33,4,23,2,21,12,33,8,12116
19,21,1,1,0,36.20000076293945,0,463.77001905441284,451.0900077819824,26,4,27,3,15,19,34,31,14825
7,13,1,1,0,97.66999816894531,0,558.4781742095947,370.61003160476685,22,4,21,3,13,10,23,8,13781
7,1,1,1,0,20.260000228881836,0,399.16000747680664,337.15624141693115,24,3,24,3,14,11,25,8,13079
7,7,1,3,0,87.55000305175781,0,469.1499900817871,217.49626922607422,22,4,21,1,12,14,26,28,13665
7,1,0,0,2,0,47.220001220703125,305.8899917602539,530.510009765625,16,2,19,4,3,11,14,8,10292
7,19,1,1,0,55.029998779296875,0,489.4299945831299,337.80999755859375,30,4,20,3,23,8,31,8,14209
7,6,1,1,0,0,0,584.4323682785034,425.77656602859497,28,4,38,3,15,19,34,3,16558
7,1,0,0,2,0,131.489990234375,242.34999084472656,429.6600036621094,17,0,16,3,7,5,12,8,7919
7,9,1,1,0,31.082042694091797,0,409.30997800827026,380.5554389953613,24,3,18,3,14,11,25,31,12520
7,22,0,0,1,0,59.72999954223633,422.8699836730957,499.9500274658203,22,3,31,4,10,20,30,28,15204
7,7,0,0,1,0,100.4100112915039,490.96000623703003,474.3125419616699,25,3,23,4,15,13,28,28,18546
7,18,1,1,0,48.3599967956543,0,487.27001190185547,373.3899803161621,31,4,22,3,20,12,32,8,14321
7,13,1,2,0,0,0,493.32999992370605,276.87999725341797,19,4,17,1,16,5,21,31,12126
8,22,0,0,1,0,37.34000015258789,415.8600044250488,435.2615737915039,27,3,28,4,18,17,35,2,12302
7,8,1,1,0,71.34999084472656,0,399.09998893737793,464.1399917602539,19,4,26,2,9,13,22,31,14140
7,1,1,2,0,0,0,322.587694644928,137.09999465942383,12,3,14,1,8,7,15,17,6634
21,0,1,2,1,63.19999694824219,71.66000366210938,297.2200164794922,350.1922149658203,22,2,20,2,8,13,21,8,9894
7,9,0,0,1,0,48.17000198364258,408.0200138092041,490.65193939208984,22,3,22,4,10,12,22,2,12399
7,22,0,0,2,0,137.88999938964844,296.420015335083,465.87998962402344,23,2,31,4,12,23,35,31,15850
7,1,1,1,0,94.42999267578125,0,482.80000472068787,466.8699941635132,28,4,25,3,14,13,27,28,14327
7,1,0,0,1,0,11,382.0253658294678,447.5599956512451,29,3,25,4,18,12,30,3,13654
7,22,0,0,3,0,110.34000396728516,268.9700107574463,587.2200012207031,20,1,26,4,9,14,23,3,12704
7,18,0,0,1,0,143.97999572753906,504.4300003051758,647.0691986083984,34,3,34,4,21,19,40,3,19669
7,13,0,0,1,0,50.25,482.19001960754395,520.9100341796875,28,3,28,4,11,11,22,32,14442
7,13,0,0,1,0,81.00999450683594,385.36999893188477,406.0613327026367,18,3,19,3,8,12,20,8,11032
7,10,0,0,2,0,57.09000015258789,310.75000381469727,492.4100332260132,21,2,22,4,12,14,26,3,13200
7,13,1,1,0,9.549999237060547,0,499.5699815750122,443.2757987976074,27,3,30,3,17,11,28,28,15018
7,2,1,1,0,64.94000244140625,0,546.3767738342285,439.260009765625,28,4,27,1,22,16,38,2,14593
7,1,0,0,1,0,88.06999969482422,512.8400440216064,505.77001190185547,40,3,39,4,30,22,52,3,25294
7,18,1,4,4,3,7,7,0,4,0,0,0,2,0,2,3,28800
7,22,0,0,1,0,113.4900131225586,391.8300256729126,522.4500427246094,30,3,35,3,18,26,44,28,18726
7,10,1,1,0,121.04002380371094,0,465.4963035583496,506.6100273132324,30,3,30,2,18,17,35,31,18575
